--
-- PostgreSQL database dump
--

-- Dumped from database version 12.8
-- Dumped by pg_dump version 12.8

SET statement_timeout = 0;
SET lock_timeout = 0;
SET idle_in_transaction_session_timeout = 0;
SET client_encoding = 'UTF8';
SET standard_conforming_strings = on;
SELECT pg_catalog.set_config('search_path', '', false);
SET check_function_bodies = false;
SET xmloption = content;
SET client_min_messages = warning;
SET row_security = off;

--
-- Name: hibernate_sequence; Type: SEQUENCE; Schema: public; Owner: postgres
--

CREATE SEQUENCE public.hibernate_sequence
    START WITH 1
    INCREMENT BY 1
    NO MINVALUE
    NO MAXVALUE
    CACHE 1;


ALTER TABLE public.hibernate_sequence OWNER TO postgres;

SET default_tablespace = '';

SET default_table_access_method = heap;

--
-- Name: t_blood_rh; Type: TABLE; Schema: public; Owner: postgres
--

CREATE TABLE public.t_blood_rh (
    id bigint NOT NULL,
    name character varying(255)
);


ALTER TABLE public.t_blood_rh OWNER TO postgres;

--
-- Name: t_blood_satus; Type: TABLE; Schema: public; Owner: postgres
--

CREATE TABLE public.t_blood_satus (
    id bigint NOT NULL,
    value integer,
    blood_rh_id bigint
);


ALTER TABLE public.t_blood_satus OWNER TO postgres;

--
-- Name: t_news; Type: TABLE; Schema: public; Owner: postgres
--

CREATE TABLE public.t_news (
    id bigint NOT NULL,
    date_publication date,
    description text,
    img_path character varying(255),
    time_publication time without time zone,
    title character varying(255),
    news_category_id bigint,
    reduce_description text
);


ALTER TABLE public.t_news OWNER TO postgres;

--
-- Name: t_news_category; Type: TABLE; Schema: public; Owner: postgres
--

CREATE TABLE public.t_news_category (
    id bigint NOT NULL,
    name character varying(255)
);


ALTER TABLE public.t_news_category OWNER TO postgres;

--
-- Name: t_procedure_category; Type: TABLE; Schema: public; Owner: postgres
--

CREATE TABLE public.t_procedure_category (
    id bigint NOT NULL,
    name character varying(255)
);


ALTER TABLE public.t_procedure_category OWNER TO postgres;

--
-- Name: t_role; Type: TABLE; Schema: public; Owner: postgres
--

CREATE TABLE public.t_role (
    id bigint NOT NULL,
    name character varying(255)
);


ALTER TABLE public.t_role OWNER TO postgres;

--
-- Name: t_service_category; Type: TABLE; Schema: public; Owner: postgres
--

CREATE TABLE public.t_service_category (
    id bigint NOT NULL,
    name character varying(255),
    procedure_category_id bigint
);


ALTER TABLE public.t_service_category OWNER TO postgres;

--
-- Name: t_service_price; Type: TABLE; Schema: public; Owner: postgres
--

CREATE TABLE public.t_service_price (
    id bigint NOT NULL,
    cost_of_materials real,
    for_citizens boolean,
    name character varying(255),
    price real NOT NULL,
    tariff real NOT NULL,
    service_category_id bigint
);


ALTER TABLE public.t_service_price OWNER TO postgres;

--
-- Name: t_user; Type: TABLE; Schema: public; Owner: postgres
--

CREATE TABLE public.t_user (
    id bigint NOT NULL,
    email character varying(255),
    password character varying(255),
    username character varying(255),
    role_id bigint
);


ALTER TABLE public.t_user OWNER TO postgres;

--
-- Name: t_website_category; Type: TABLE; Schema: public; Owner: postgres
--

CREATE TABLE public.t_website_category (
    id bigint NOT NULL,
    name character varying(255)
);


ALTER TABLE public.t_website_category OWNER TO postgres;

--
-- Name: t_websites; Type: TABLE; Schema: public; Owner: postgres
--

CREATE TABLE public.t_websites (
    id bigint NOT NULL,
    img_path character varying(255),
    name character varying(255),
    url character varying(255),
    category_id bigint
);


ALTER TABLE public.t_websites OWNER TO postgres;

--
-- Data for Name: t_blood_rh; Type: TABLE DATA; Schema: public; Owner: postgres
--

COPY public.t_blood_rh (id, name) FROM stdin;
1	0+
2	0-
3	A+
4	A-
5	B+
6	B-
7	AB+
8	AB-
\.


--
-- Data for Name: t_blood_satus; Type: TABLE DATA; Schema: public; Owner: postgres
--

COPY public.t_blood_satus (id, value, blood_rh_id) FROM stdin;
1	30	\N
2	36	1
3	34	2
4	76	3
5	35	4
6	76	5
7	54	6
8	44	7
9	12	8
10	38	1
11	47	2
12	48	3
13	76	4
14	56	5
15	45	6
\.


--
-- Data for Name: t_news; Type: TABLE DATA; Schema: public; Owner: postgres
--

COPY public.t_news (id, date_publication, description, img_path, time_publication, title, news_category_id, reduce_description) FROM stdin;
1	2021-12-28	С другой стороны укрепление и развитие структуры обеспечивает участие в формировании систем массового участия. Значимость этих проблем настолько очевидна, что консультация с широким активом играет важную роль в формировании новых предложений. Повседневная практика показывает, что реализация намеченных плановых заданий в значительной степени обуславливает создание модели развития. Равным образом рамки и место обучения кадров влечет за собой процесс внедрения и модернизации системы обучения кадров, соответствует насущным потребностям. Товарищи! консультация с широким активом позволяет выполнять важные задания по разработке систем массового участия. С другой стороны постоянное информационно-пропагандистское обеспечение нашей деятельности обеспечивает широкому кругу (специалистов) участие в формировании позиций, занимаемых участниками в отношении поставленных задач.\nТаким образом новая модель организационной деятельности способствует подготовки и реализации систем массового участия. С другой стороны укрепление и развитие структуры обеспечивает участие в формировании систем массового участия. Если у вас есть какие то интересные предложения, обращайтесь! Студия Web-Boss всегда готова решить любую задачу. Товарищи! консультация с широким активом позволяет выполнять важные задания по разработке систем массового участия. Если у вас есть какие то интересные предложения, обращайтесь! Студия Web-Boss всегда готова решить любую задачу. Таким образом реализация намеченных плановых заданий позволяет оценить значение новых предложений. Если у вас есть какие то интересные предложения, обращайтесь! Студия Web-Boss всегда готова решить любую задачу. Значимость этих проблем настолько очевидна, что консультация с широким активом играет важную роль в формировании новых предложений. С другой стороны постоянное информационно-пропагандистское обеспечение нашей деятельности обеспечивает широкому кругу (специалистов) участие в формировании позиций, занимаемых участниками в отношении поставленных задач.\nТоварищи! консультация с широким активом позволяет выполнять важные задания по разработке систем массового участия. Идейные соображения высшего порядка, а также рамки и место обучения кадров обеспечивает широкому кругу (специалистов) участие в формировании новых предложений. Равным образом рамки и место обучения кадров влечет за собой процесс внедрения и модернизации системы обучения кадров, соответствует насущным потребностям. . Равным образом консультация с широким активом требуют определения и уточнения модели развития. Значимость этих проблем настолько очевидна, что дальнейшее развитие различных форм деятельности обеспечивает широкому кругу (специалистов) участие в формировании новых предложений. Не следует, однако забывать, что дальнейшее развитие различных форм деятельности способствует подготовки и реализации форм развития. Идейные соображения высшего порядка, а также рамки и место обучения кадров обеспечивает широкому кругу (специалистов) участие в формировании новых предложений. Равным образом постоянный количественный рост и сфера нашей активности играет важную роль в формировании системы обучения кадров, соответствует насущным потребностям.	http://localhost:8085/images/news_img.png	12:03:10.856	TestNews	2	С другой стороны укрепление и развитие структуры обеспечивает участие в формировании систем массового участия. Значимость этих проблем настолько очевидна, что консультация с широким активом играет важную роль в формировании новых предложений. Повседневная практика показывает, что реализация намеченных плановых заданий в значительной степени обуславливает создание модели развития. Равным образом рамки и место обучения кадров влечет за собой процесс внедрения и модернизации системы обучения кадров, соответств...
4	2021-12-28	Если у вас есть какие то интересные предложения, обращайтесь! Студия Web-Boss всегда готова решить любую задачу. Равным образом постоянный количественный рост и сфера нашей активности играет важную роль в формировании системы обучения кадров, соответствует насущным потребностям. С другой стороны рамки и место обучения кадров способствует подготовки и реализации модели развития. Разнообразный и богатый опыт консультация с широким активом обеспечивает широкому кругу. Товарищи! постоянное информационно-пропагандистское обеспечение нашей деятельности позволяет выполнять важные задания по разработке модели развития. Таким образом реализация намеченных плановых заданий позволяет оценить значение новых предложений. Товарищи! постоянное информационно-пропагандистское обеспечение нашей деятельности позволяет выполнять важные задания по разработке модели развития.\nРавным образом рамки и место обучения кадров влечет за собой процесс внедрения и модернизации системы обучения кадров, соответствует насущным потребностям. Равным образом консультация с широким активом требуют определения и уточнения модели развития. Таким образом реализация намеченных плановых заданий позволяет оценить значение новых предложений. Идейные соображения высшего порядка, а также дальнейшее развитие различных форм деятельности позволяет оценить значение новых предложений. Таким образом реализация намеченных плановых заданий позволяет оценить значение новых предложений. Товарищи! постоянное информационно-пропагандистское обеспечение нашей деятельности позволяет выполнять важные задания по разработке модели развития. Идейные соображения высшего порядка, а также рамки и место обучения кадров обеспечивает широкому кругу (специалистов) участие в формировании новых предложений. Не следует, однако забывать, что дальнейшее развитие различных форм деятельности способствует подготовки и реализации форм развития. Идейные соображения высшего порядка, а также дальнейшее развитие различных форм деятельности позволяет оценить значение новых предложений.\nТоварищи! консультация с широким активом позволяет выполнять важные задания по разработке систем массового участия. Таким образом новая модель организационной деятельности способствует подготовки и реализации систем массового участия. Идейные соображения высшего порядка, а также дальнейшее развитие различных форм деятельности позволяет оценить значение новых предложений. Равным образом рамки и место обучения кадров влечет за собой процесс внедрения и модернизации системы обучения кадров, соответствует насущным потребностям. Идейные соображения высшего порядка, а также начало повседневной работы по формированию позиции позволяет оценить значение модели развития. Товарищи! постоянное информационно-пропагандистское обеспечение нашей деятельности позволяет выполнять важные задания по разработке модели развития.	http://localhost:8085/images/news_img.png	12:03:10.856	TestNews	1	Если у вас есть какие то интересные предложения, обращайтесь! Студия Web-Boss всегда готова решить любую задачу. Равным образом постоянный количественный рост и сфера нашей активности играет важную роль в формировании системы обучения кадров, соответствует насущным потребностям. С другой стороны рамки и место обучения кадров способствует подготовки и реализации модели развития. Разнообразный и богатый опыт консультация с широким активом обеспечивает широкому кругу. Товарищи! постоянное информационно-пропага...
3	2021-12-28	Равным образом рамки и место обучения кадров влечет за собой процесс внедрения и модернизации системы обучения кадров, соответствует насущным потребностям. С другой стороны рамки и место обучения кадров способствует подготовки и реализации модели развития. С другой стороны укрепление и развитие структуры обеспечивает участие в формировании систем массового участия. Товарищи! консультация с широким активом позволяет выполнять важные задания по разработке систем массового участия. Значимость этих проблем настолько очевидна, что дальнейшее развитие различных форм деятельности обеспечивает широкому кругу (специалистов) участие в формировании новых предложений. Равным образом постоянный количественный рост и сфера нашей активности играет важную роль в формировании системы обучения кадров, соответствует насущным потребностям.\nЕсли у вас есть какие то интересные предложения, обращайтесь! Студия Web-Boss всегда готова решить любую задачу. Равным образом постоянный количественный рост и сфера нашей активности играет важную роль в формировании системы обучения кадров, соответствует насущным потребностям. Значимость этих проблем настолько очевидна, что дальнейшее развитие различных форм деятельности обеспечивает широкому кругу (специалистов) участие в формировании новых предложений. Повседневная практика показывает, что реализация намеченных плановых заданий в значительной степени обуславливает создание модели развития. Не следует, однако забывать, что дальнейшее развитие различных форм деятельности способствует подготовки и реализации форм развития. Значимость этих проблем настолько очевидна, что дальнейшее развитие различных форм деятельности обеспечивает широкому кругу (специалистов) участие в формировании новых предложений. Повседневная практика показывает, что реализация намеченных плановых заданий в значительной степени обуславливает создание модели развития.\nИдейные соображения высшего порядка, а также начало повседневной работы по формированию позиции позволяет оценить значение модели развития. С другой стороны рамки и место обучения кадров способствует подготовки и реализации модели развития. Значимость этих проблем настолько очевидна, что дальнейшее развитие различных форм деятельности обеспечивает широкому кругу (специалистов) участие в формировании новых предложений. Повседневная практика показывает, что укрепление и развитие структуры обеспечивает широкому кругу (специалистов) участие в формировании дальнейших направлений развития. Таким образом реализация намеченных плановых заданий позволяет оценить значение новых предложений. Равным образом рамки и место обучения кадров влечет за собой процесс внедрения и модернизации системы обучения кадров, соответствует насущным потребностям. Равным образом постоянный количественный рост и сфера нашей активности играет важную роль в формировании системы обучения кадров, соответствует насущным потребностям.	http://localhost:8085/images/news_img.png	12:03:10.856	TestNews	2	Равным образом рамки и место обучения кадров влечет за собой процесс внедрения и модернизации системы обучения кадров, соответствует насущным потребностям. С другой стороны рамки и место обучения кадров способствует подготовки и реализации модели развития. С другой стороны укрепление и развитие структуры обеспечивает участие в формировании систем массового участия. Товарищи! консультация с широким активом позволяет выполнять важные задания по разработке систем массового участия. Значимость этих проблем наст...
6	2021-12-28	Равным образом рамки и место обучения кадров влечет за собой процесс внедрения и модернизации системы обучения кадров, соответствует насущным потребностям. Равным образом постоянный количественный рост и сфера нашей активности играет важную роль в формировании системы обучения кадров, соответствует насущным потребностям. Повседневная практика показывает, что реализация намеченных плановых заданий в значительной степени обуславливает создание модели развития. Товарищи! постоянное информационно-пропагандистское обеспечение нашей деятельности позволяет выполнять важные задания по разработке модели развития. Товарищи! постоянное информационно-пропагандистское обеспечение нашей деятельности позволяет выполнять важные задания по разработке модели развития. Если у вас есть какие то интересные предложения, обращайтесь! Студия Web-Boss всегда готова решить любую задачу. Равным образом рамки и место обучения кадров влечет за собой процесс внедрения и модернизации системы обучения кадров, соответствует насущным потребностям.\nПовседневная практика показывает, что реализация намеченных плановых заданий в значительной степени обуславливает создание модели развития. С другой стороны рамки и место обучения кадров способствует подготовки и реализации модели развития. Идейные соображения высшего порядка, а также рамки и место обучения кадров обеспечивает широкому кругу (специалистов) участие в формировании новых предложений. С другой стороны рамки и место обучения кадров способствует подготовки и реализации модели развития. Таким образом новая модель организационной деятельности способствует подготовки и реализации систем массового участия. С другой стороны укрепление и развитие структуры обеспечивает участие в формировании систем массового участия. Значимость этих проблем настолько очевидна, что консультация с широким активом играет важную роль в формировании новых предложений. С другой стороны постоянное информационно-пропагандистское обеспечение нашей деятельности обеспечивает широкому кругу (специалистов) участие в <br>формировании позиций, занимаемых участниками в отношении поставленных задач.\nРавным образом консультация с широким активом требуют определения и уточнения модели развития. Повседневная практика показывает, что реализация намеченных плановых заданий в значительной степени обуславливает создание модели развития. Идейные соображения высшего порядка, а также дальнейшее развитие различных форм деятельности позволяет оценить значение новых предложений. Товарищи! постоянное информационно-пропагандистское обеспечение нашей деятельности позволяет выполнять важные задания по разработке модели развития. Равным образом консультация с широким активом требуют определения и уточнения модели развития. Разнообразный и богатый опыт консультация с широким активом обеспечивает широкому кругу. С другой стороны укрепление и развитие структуры обеспечивает участие в формировании систем массового участия. Значимость этих проблем настолько очевидна, что дальнейшее развитие различных форм деятельности обеспечивает широкому кругу (специалистов) участие в формировании новых предложений. Идейные соображения высшего порядка, а также укрепление и развитие структуры играет важную роль в формировании существенных финансовых и административных условий.	http://localhost:8085/images/news_img.png	12:03:10.856	TestNews	1	Равным образом рамки и место обучения кадров влечет за собой процесс внедрения и модернизации системы обучения кадров, соответствует насущным потребностям. Равным образом постоянный количественный рост и сфера нашей активности играет важную роль в формировании системы обучения кадров, соответствует насущным потребностям. Повседневная практика показывает, что реализация намеченных плановых заданий в значительной степени обуславливает создание модели развития. Товарищи! постоянное информационно-пропагандистск...
7	2021-12-28	С другой стороны укрепление и развитие структуры обеспечивает участие в формировании систем массового участия. Значимость этих проблем настолько очевидна, что консультация с широким активом играет важную роль в формировании новых предложений. Повседневная практика показывает, что реализация намеченных плановых заданий в значительной степени обуславливает создание модели развития. Равным образом рамки и место обучения кадров влечет за собой процесс внедрения и модернизации системы обучения кадров, соответствует насущным потребностям. Товарищи! консультация с широким активом позволяет выполнять важные задания по разработке систем массового участия. С другой стороны постоянное информационно-пропагандистское обеспечение нашей деятельности обеспечивает широкому кругу (специалистов) участие в формировании позиций, занимаемых участниками в отношении поставленных задач.\nТаким образом новая модель организационной деятельности способствует подготовки и реализации систем массового участия. С другой стороны укрепление и развитие структуры обеспечивает участие в формировании систем массового участия. Если у вас есть какие то интересные предложения, обращайтесь! Студия Web-Boss всегда готова решить любую задачу. Товарищи! консультация с широким активом позволяет выполнять важные задания по разработке систем массового участия. Если у вас есть какие то интересные предложения, обращайтесь! Студия Web-Boss всегда готова решить любую задачу. Таким образом реализация намеченных плановых заданий позволяет оценить значение новых предложений. Если у вас есть какие то интересные предложения, обращайтесь! Студия Web-Boss всегда готова решить любую задачу. Значимость этих проблем настолько очевидна, что консультация с широким активом играет важную роль в формировании новых предложений. С другой стороны постоянное информационно-пропагандистское обеспечение нашей деятельности обеспечивает широкому кругу (специалистов) участие в формировании позиций, занимаемых участниками в отношении поставленных задач.\nТоварищи! консультация с широким активом позволяет выполнять важные задания по разработке систем массового участия. Идейные соображения высшего порядка, а также рамки и место обучения кадров обеспечивает широкому кругу (специалистов) участие в формировании новых предложений. Равным образом рамки и место обучения кадров влечет за собой процесс внедрения и модернизации системы обучения кадров, соответствует насущным потребностям. . Равным образом консультация с широким активом требуют определения и уточнения модели развития. Значимость этих проблем настолько очевидна, что дальнейшее развитие различных форм деятельности обеспечивает широкому кругу (специалистов) участие в формировании новых предложений. Не следует, однако забывать, что дальнейшее развитие различных форм деятельности способствует подготовки и реализации форм развития. Идейные соображения высшего порядка, а также рамки и место обучения кадров обеспечивает широкому кругу (специалистов) участие в формировании новых предложений. Равным образом постоянный количественный рост и сфера нашей активности играет важную роль в формировании системы обучения кадров, соответствует насущным потребностям.	http://localhost:8085/images/news_img.png	12:03:10.856	TestNews	2	С другой стороны укрепление и развитие структуры обеспечивает участие в формировании систем массового участия. Значимость этих проблем настолько очевидна, что консультация с широким активом играет важную роль в формировании новых предложений. Повседневная практика показывает, что реализация намеченных плановых заданий в значительной степени обуславливает создание модели развития. Равным образом рамки и место обучения кадров влечет за собой процесс внедрения и модернизации системы обучения кадров, соответств...
5	2021-12-28	Таким образом реализация намеченных плановых заданий позволяет оценить значение новых предложений. Не следует, однако забывать, что дальнейшее развитие различных форм деятельности способствует подготовки и реализации форм развития. Значимость этих проблем настолько очевидна, что дальнейшее развитие различных форм деятельности обеспечивает широкому кругу (специалистов) участие в формировании новых предложений. Не следует, однако забывать, что дальнейшее развитие различных форм деятельности способствует подготовки и реализации форм развития. Если у вас есть какие то интересные предложения, обращайтесь! Студия Web-Boss всегда готова решить любую задачу. Повседневная практика показывает, что укрепление и развитие структуры обеспечивает широкому кругу (специалистов) участие в формировании дальнейших направлений развития.\nС другой стороны постоянное информационно-пропагандистское обеспечение нашей деятельности обеспечивает широкому кругу (специалистов) участие в формировании позиций, занимаемых участниками в отношении поставленных задач. Идейные соображения высшего порядка, а также начало повседневной работы по формированию позиции позволяет оценить значение модели развития. С другой стороны укрепление и развитие структуры обеспечивает участие в формировании систем массового участия. Значимость этих проблем настолько очевидна, что консультация с широким активом играет важную роль в формировании новых предложений. Значимость этих проблем настолько очевидна, что дальнейшее развитие различных форм деятельности обеспечивает широкому кругу (специалистов) участие в формировании новых предложений. Разнообразный и богатый опыт консультация с широким активом обеспечивает широкому кругу. Идейные соображения высшего порядка, а также укрепление и развитие структуры играет важную роль в формировании существенных финансовых и административных условий.\nЗначимость этих проблем настолько очевидна, что консультация с широким активом играет важную роль в формировании новых предложений. Если у вас есть какие то интересные предложения, обращайтесь! Студия Web-Boss всегда готова решить любую задачу. Равным образом консультация с широким активом требуют определения и уточнения модели развития. Разнообразный и богатый опыт консультация с широким активом обеспечивает широкому кругу. Значимость этих проблем настолько очевидна, что дальнейшее развитие различных форм деятельности обеспечивает широкому кругу (специалистов) участие в формировании новых предложений. С другой стороны постоянное информационно-пропагандистское обеспечение нашей деятельности обеспечивает широкому кругу (специалистов) участие в формировании позиций, занимаемых участниками в отношении поставленных задач.	http://localhost:8085/images/news_img.png	12:03:10.856	TestNews	1	Таким образом реализация намеченных плановых заданий позволяет оценить значение новых предложений. Не следует, однако забывать, что дальнейшее развитие различных форм деятельности способствует подготовки и реализации форм развития. Значимость этих проблем настолько очевидна, что дальнейшее развитие различных форм деятельности обеспечивает широкому кругу (специалистов) участие в формировании новых предложений. Не следует, однако забывать, что дальнейшее развитие различных форм деятельности способствует подго...
8	2021-12-28	С другой стороны укрепление и развитие структуры обеспечивает участие в формировании систем массового участия. Значимость этих проблем настолько очевидна, что консультация с широким активом играет важную роль в формировании новых предложений. Повседневная практика показывает, что реализация намеченных плановых заданий в значительной степени обуславливает создание модели развития. Равным образом рамки и место обучения кадров влечет за собой процесс внедрения и модернизации системы обучения кадров, соответствует насущным потребностям. Товарищи! консультация с широким активом позволяет выполнять важные задания по разработке систем массового участия. С другой стороны постоянное информационно-пропагандистское обеспечение нашей деятельности обеспечивает широкому кругу (специалистов) участие в формировании позиций, занимаемых участниками в отношении поставленных задач.\nТаким образом новая модель организационной деятельности способствует подготовки и реализации систем массового участия. С другой стороны укрепление и развитие структуры обеспечивает участие в формировании систем массового участия. Если у вас есть какие то интересные предложения, обращайтесь! Студия Web-Boss всегда готова решить любую задачу. Товарищи! консультация с широким активом позволяет выполнять важные задания по разработке систем массового участия. Если у вас есть какие то интересные предложения, обращайтесь! Студия Web-Boss всегда готова решить любую задачу. Таким образом реализация намеченных плановых заданий позволяет оценить значение новых предложений. Если у вас есть какие то интересные предложения, обращайтесь! Студия Web-Boss всегда готова решить любую задачу. Значимость этих проблем настолько очевидна, что консультация с широким активом играет важную роль в формировании новых предложений. С другой стороны постоянное информационно-пропагандистское обеспечение нашей деятельности обеспечивает широкому кругу (специалистов) участие в формировании позиций, занимаемых участниками в отношении поставленных задач.\nТоварищи! консультация с широким активом позволяет выполнять важные задания по разработке систем массового участия. Идейные соображения высшего порядка, а также рамки и место обучения кадров обеспечивает широкому кругу (специалистов) участие в формировании новых предложений. Равным образом рамки и место обучения кадров влечет за собой процесс внедрения и модернизации системы обучения кадров, соответствует насущным потребностям. . Равным образом консультация с широким активом требуют определения и уточнения модели развития. Значимость этих проблем настолько очевидна, что дальнейшее развитие различных форм деятельности обеспечивает широкому кругу (специалистов) участие в формировании новых предложений. Не следует, однако забывать, что дальнейшее развитие различных форм деятельности способствует подготовки и реализации форм развития. Идейные соображения высшего порядка, а также рамки и место обучения кадров обеспечивает широкому кругу (специалистов) участие в формировании новых предложений. Равным образом постоянный количественный рост и сфера нашей активности играет важную роль в формировании системы обучения кадров, соответствует насущным потребностям.	http://localhost:8085/images/news_img.png	12:03:10.856	TestNews	2	С другой стороны укрепление и развитие структуры обеспечивает участие в формировании систем массового участия. Значимость этих проблем настолько очевидна, что консультация с широким активом играет важную роль в формировании новых предложений. Повседневная практика показывает, что реализация намеченных плановых заданий в значительной степени обуславливает создание модели развития. Равным образом рамки и место обучения кадров влечет за собой процесс внедрения и модернизации системы обучения кадров, соответств...
2	2021-12-28	Значимость этих Равным образом рамки и место обучения кадров влечет за собой процесс внедрения и модернизации системы обучения кадров, соответствует насущным потребностям. Если у вас есть какие то интересные предложения, обращайтесь! Студия Web-Boss всегда готова решить любую задачу. Идейные соображения высшего порядка, а также укрепление и развитие структуры играет важную роль в формировании существенных финансовых и административных условий. Значимость этих проблем настолько очевидна, что дальнейшее развитие различных форм деятельности обеспечивает широкому кругу (специалистов) участие в формировании новых предложений. Идейные соображения высшего порядка, а также начало повседневной работы по формированию позиции позволяет оценить значение модели развития. Повседневная практика показывает, что укрепление и развитие структуры обеспечивает широкому кругу (специалистов) участие в формировании дальнейших направлений развития. Равным образом постоянный количественный рост и сфера нашей активности играет важную роль в формировании системы обучения кадров, соответствует насущным потребностям.\n                С другой стороны укрепление и развитие структуры обеспечивает участие в формировании систем массового участия. Идейные соображения высшего порядка, а также рамки и место обучения кадров обеспечивает широкому кругу (специалистов) участие в формировании новых предложений. Повседневная практика показывает, что реализация намеченных плановых заданий в значительной степени обуславливает создание модели развития. Повседневная практика показывает, что реализация намеченных плановых заданий в значительной степени обуславливает создание модели развития. Равным образом постоянный количественный рост и сфера нашей активности играет важную роль в формировании системы обучения кадров, соответствует насущным потребностям. Повседневная практика показывает, что реализация намеченных плановых заданий в значительной степени обуславливает создание модели развития. С другой стороны укрепление и развитие структуры обеспечивает участие в формировании систем массового участия.\n                Повседневная практика показывает, что реализация намеченных плановых заданий в значительной степени обуславливает создание модели развития. Повседневная практика показывает, что укрепление и развитие структуры обеспечивает широкому кругу (специалистов) участие в формировании дальнейших направлений развития. Идейные соображения высшего порядка, а также дальнейшее развитие различных форм деятельности позволяет оценить значение новых предложений. Товарищи! сложившаяся структура организации представляет собой интересный эксперимент проверки направлений прогрессивного развития. Значимость этих проблем настолько очевидна, что дальнейшее развитие различных форм деятельности обеспечивает широкому кругу (специалистов) участие в формировании новых предложений. Таким образом реализация намеченных плановых заданий позволяет оценить значение новых предложений. Не следует, однако забывать, что дальнейшее развитие различных форм деятельности способствует подготовки и реализации форм развития. настолько очевидна, что консультация с широким активом играет важную роль в формировании новых предложений. Повседневная практика показывает, что реализация намеченных плановых заданий в значительной степени обуславливает создание модели развития. Если у вас есть какие то интересные предложения, обращайтесь! Студия Web-Boss всегда готова решить любую задачу. Разнообразный и богатый опыт консультация с широким активом обеспечивает широкому кругу. Товарищи! постоянное информационно-пропагандистское обеспечение нашей деятельности позволяет выполнять важные задания по разработке модели развития. Повседневная практика показывает, что укрепление и развитие структуры обеспечивает широкому кругу (специалистов) участие в формировании дальнейших направлений развития. Таким образом новая модель организационной деятельности способствует подготовки и реализации систем массового участия. Равным образом консультация с широким активом требуют определения и уточнения модели развития.\nТоварищи! сложившаяся структура организации представляет собой интересный эксперимент проверки направлений прогрессивного развития. Не следует, однако забывать, что дальнейшее развитие различных форм деятельности способствует подготовки и реализации форм развития. Значимость этих проблем настолько очевидна, что консультация с широким активом играет важную роль в формировании новых предложений. Товарищи! постоянное информационно-пропагандистское обеспечение нашей деятельности позволяет выполнять важные задания по разработке модели развития. Не следует, однако забывать, что дальнейшее развитие различных форм деятельности способствует подготовки и реализации форм развития. Значимость этих проблем настолько очевидна, что дальнейшее развитие различных форм деятельности обеспечивает широкому кругу (специалистов) участие в формировании новых предложений. С другой стороны укрепление и развитие структуры обеспечивает участие в формировании систем массового участия.\nЗначимость этих проблем настолько очевидна, что консультация с широким активом играет важную роль в формировании новых предложений. С другой стороны укрепление и развитие структуры обеспечивает участие в формировании систем массового участия. Если у вас есть какие то интересные предложения, обращайтесь! Студия Web-Boss всегда готова решить любую задачу. Таким образом новая модель организационной деятельности способствует подготовки и реализации систем массового участия. Равным образом рамки и место обучения кадров влечет за собой процесс внедрения и модернизации системы обучения кадров, соответствует насущным потребностям. Равным образом постоянный количественный рост и сфера нашей активности играет важную роль в формировании системы обучения кадров, соответствует насущным потребностям. Равным образом консультация с широким активом требуют определения и уточнения модели развития.	http://localhost:8085/images/news_img.png	12:03:10.856	TestNews	2	Значимость этих Равным образом рамки и место обучения кадров влечет за собой процесс внедрения и модернизации системы обучения кадров, соответствует насущным потребностям. Если у вас есть какие то интересные предложения, обращайтесь! Студия Web-Boss всегда готова решить любую задачу. Идейные соображения высшего порядка, а также укрепление и развитие структуры играет важную роль в формировании существенных финансовых и административных условий. Значимость этих проблем настолько очевидна, что дальнейшее разви...
9	2021-12-28	С другой стороны укрепление и развитие структуры обеспечивает участие в формировании систем массового участия. Значимость этих проблем настолько очевидна, что консультация с широким активом играет важную роль в формировании новых предложений. Повседневная практика показывает, что реализация намеченных плановых заданий в значительной степени обуславливает создание модели развития. Равным образом рамки и место обучения кадров влечет за собой процесс внедрения и модернизации системы обучения кадров, соответствует насущным потребностям. Товарищи! консультация с широким активом позволяет выполнять важные задания по разработке систем массового участия. С другой стороны постоянное информационно-пропагандистское обеспечение нашей деятельности обеспечивает широкому кругу (специалистов) участие в формировании позиций, занимаемых участниками в отношении поставленных задач.\nТаким образом новая модель организационной деятельности способствует подготовки и реализации систем массового участия. С другой стороны укрепление и развитие структуры обеспечивает участие в формировании систем массового участия. Если у вас есть какие то интересные предложения, обращайтесь! Студия Web-Boss всегда готова решить любую задачу. Товарищи! консультация с широким активом позволяет выполнять важные задания по разработке систем массового участия. Если у вас есть какие то интересные предложения, обращайтесь! Студия Web-Boss всегда готова решить любую задачу. Таким образом реализация намеченных плановых заданий позволяет оценить значение новых предложений. Если у вас есть какие то интересные предложения, обращайтесь! Студия Web-Boss всегда готова решить любую задачу. Значимость этих проблем настолько очевидна, что консультация с широким активом играет важную роль в формировании новых предложений. С другой стороны постоянное информационно-пропагандистское обеспечение нашей деятельности обеспечивает широкому кругу (специалистов) участие в формировании позиций, занимаемых участниками в отношении поставленных задач.\nТоварищи! консультация с широким активом позволяет выполнять важные задания по разработке систем массового участия. Идейные соображения высшего порядка, а также рамки и место обучения кадров обеспечивает широкому кругу (специалистов) участие в формировании новых предложений. Равным образом рамки и место обучения кадров влечет за собой процесс внедрения и модернизации системы обучения кадров, соответствует насущным потребностям. . Равным образом консультация с широким активом требуют определения и уточнения модели развития. Значимость этих проблем настолько очевидна, что дальнейшее развитие различных форм деятельности обеспечивает широкому кругу (специалистов) участие в формировании новых предложений. Не следует, однако забывать, что дальнейшее развитие различных форм деятельности способствует подготовки и реализации форм развития. Идейные соображения высшего порядка, а также рамки и место обучения кадров обеспечивает широкому кругу (специалистов) участие в формировании новых предложений. Равным образом постоянный количественный рост и сфера нашей активности играет важную роль в формировании системы обучения кадров, соответствует насущным потребностям.	http://localhost:8085/images/news_img.png	12:03:10.856	TestNews	2	С другой стороны укрепление и развитие структуры обеспечивает участие в формировании систем массового участия. Значимость этих проблем настолько очевидна, что консультация с широким активом играет важную роль в формировании новых предложений. Повседневная практика показывает, что реализация намеченных плановых заданий в значительной степени обуславливает создание модели развития. Равным образом рамки и место обучения кадров влечет за собой процесс внедрения и модернизации системы обучения кадров, соответств...
10	2021-12-28	С другой стороны укрепление и развитие структуры обеспечивает участие в формировании систем массового участия. Значимость этих проблем настолько очевидна, что консультация с широким активом играет важную роль в формировании новых предложений. Повседневная практика показывает, что реализация намеченных плановых заданий в значительной степени обуславливает создание модели развития. Равным образом рамки и место обучения кадров влечет за собой процесс внедрения и модернизации системы обучения кадров, соответствует насущным потребностям. Товарищи! консультация с широким активом позволяет выполнять важные задания по разработке систем массового участия. С другой стороны постоянное информационно-пропагандистское обеспечение нашей деятельности обеспечивает широкому кругу (специалистов) участие в формировании позиций, занимаемых участниками в отношении поставленных задач.\nТаким образом новая модель организационной деятельности способствует подготовки и реализации систем массового участия. С другой стороны укрепление и развитие структуры обеспечивает участие в формировании систем массового участия. Если у вас есть какие то интересные предложения, обращайтесь! Студия Web-Boss всегда готова решить любую задачу. Товарищи! консультация с широким активом позволяет выполнять важные задания по разработке систем массового участия. Если у вас есть какие то интересные предложения, обращайтесь! Студия Web-Boss всегда готова решить любую задачу. Таким образом реализация намеченных плановых заданий позволяет оценить значение новых предложений. Если у вас есть какие то интересные предложения, обращайтесь! Студия Web-Boss всегда готова решить любую задачу. Значимость этих проблем настолько очевидна, что консультация с широким активом играет важную роль в формировании новых предложений. С другой стороны постоянное информационно-пропагандистское обеспечение нашей деятельности обеспечивает широкому кругу (специалистов) участие в формировании позиций, занимаемых участниками в отношении поставленных задач.\nТоварищи! консультация с широким активом позволяет выполнять важные задания по разработке систем массового участия. Идейные соображения высшего порядка, а также рамки и место обучения кадров обеспечивает широкому кругу (специалистов) участие в формировании новых предложений. Равным образом рамки и место обучения кадров влечет за собой процесс внедрения и модернизации системы обучения кадров, соответствует насущным потребностям. . Равным образом консультация с широким активом требуют определения и уточнения модели развития. Значимость этих проблем настолько очевидна, что дальнейшее развитие различных форм деятельности обеспечивает широкому кругу (специалистов) участие в формировании новых предложений. Не следует, однако забывать, что дальнейшее развитие различных форм деятельности способствует подготовки и реализации форм развития. Идейные соображения высшего порядка, а также рамки и место обучения кадров обеспечивает широкому кругу (специалистов) участие в формировании новых предложений. Равным образом постоянный количественный рост и сфера нашей активности играет важную роль в формировании системы обучения кадров, соответствует насущным потребностям.	http://localhost:8085/images/news_img.png	12:03:10.856	TestNews	2	С другой стороны укрепление и развитие структуры обеспечивает участие в формировании систем массового участия. Значимость этих проблем настолько очевидна, что консультация с широким активом играет важную роль в формировании новых предложений. Повседневная практика показывает, что реализация намеченных плановых заданий в значительной степени обуславливает создание модели развития. Равным образом рамки и место обучения кадров влечет за собой процесс внедрения и модернизации системы обучения кадров, соответств...
11	2021-12-28	С другой стороны укрепление и развитие структуры обеспечивает участие в формировании систем массового участия. Значимость этих проблем настолько очевидна, что консультация с широким активом играет важную роль в формировании новых предложений. Повседневная практика показывает, что реализация намеченных плановых заданий в значительной степени обуславливает создание модели развития. Равным образом рамки и место обучения кадров влечет за собой процесс внедрения и модернизации системы обучения кадров, соответствует насущным потребностям. Товарищи! консультация с широким активом позволяет выполнять важные задания по разработке систем массового участия. С другой стороны постоянное информационно-пропагандистское обеспечение нашей деятельности обеспечивает широкому кругу (специалистов) участие в формировании позиций, занимаемых участниками в отношении поставленных задач.\nТаким образом новая модель организационной деятельности способствует подготовки и реализации систем массового участия. С другой стороны укрепление и развитие структуры обеспечивает участие в формировании систем массового участия. Если у вас есть какие то интересные предложения, обращайтесь! Студия Web-Boss всегда готова решить любую задачу. Товарищи! консультация с широким активом позволяет выполнять важные задания по разработке систем массового участия. Если у вас есть какие то интересные предложения, обращайтесь! Студия Web-Boss всегда готова решить любую задачу. Таким образом реализация намеченных плановых заданий позволяет оценить значение новых предложений. Если у вас есть какие то интересные предложения, обращайтесь! Студия Web-Boss всегда готова решить любую задачу. Значимость этих проблем настолько очевидна, что консультация с широким активом играет важную роль в формировании новых предложений. С другой стороны постоянное информационно-пропагандистское обеспечение нашей деятельности обеспечивает широкому кругу (специалистов) участие в формировании позиций, занимаемых участниками в отношении поставленных задач.\nТоварищи! консультация с широким активом позволяет выполнять важные задания по разработке систем массового участия. Идейные соображения высшего порядка, а также рамки и место обучения кадров обеспечивает широкому кругу (специалистов) участие в формировании новых предложений. Равным образом рамки и место обучения кадров влечет за собой процесс внедрения и модернизации системы обучения кадров, соответствует насущным потребностям. . Равным образом консультация с широким активом требуют определения и уточнения модели развития. Значимость этих проблем настолько очевидна, что дальнейшее развитие различных форм деятельности обеспечивает широкому кругу (специалистов) участие в формировании новых предложений. Не следует, однако забывать, что дальнейшее развитие различных форм деятельности способствует подготовки и реализации форм развития. Идейные соображения высшего порядка, а также рамки и место обучения кадров обеспечивает широкому кругу (специалистов) участие в формировании новых предложений. Равным образом постоянный количественный рост и сфера нашей активности играет важную роль в формировании системы обучения кадров, соответствует насущным потребностям.	http://localhost:8085/images/news_img.png	12:03:10.856	TestNews	2	С другой стороны укрепление и развитие структуры обеспечивает участие в формировании систем массового участия. Значимость этих проблем настолько очевидна, что консультация с широким активом играет важную роль в формировании новых предложений. Повседневная практика показывает, что реализация намеченных плановых заданий в значительной степени обуславливает создание модели развития. Равным образом рамки и место обучения кадров влечет за собой процесс внедрения и модернизации системы обучения кадров, соответств...
12	2021-12-28	С другой стороны укрепление и развитие структуры обеспечивает участие в формировании систем массового участия. Значимость этих проблем настолько очевидна, что консультация с широким активом играет важную роль в формировании новых предложений. Повседневная практика показывает, что реализация намеченных плановых заданий в значительной степени обуславливает создание модели развития. Равным образом рамки и место обучения кадров влечет за собой процесс внедрения и модернизации системы обучения кадров, соответствует насущным потребностям. Товарищи! консультация с широким активом позволяет выполнять важные задания по разработке систем массового участия. С другой стороны постоянное информационно-пропагандистское обеспечение нашей деятельности обеспечивает широкому кругу (специалистов) участие в формировании позиций, занимаемых участниками в отношении поставленных задач.\nТаким образом новая модель организационной деятельности способствует подготовки и реализации систем массового участия. С другой стороны укрепление и развитие структуры обеспечивает участие в формировании систем массового участия. Если у вас есть какие то интересные предложения, обращайтесь! Студия Web-Boss всегда готова решить любую задачу. Товарищи! консультация с широким активом позволяет выполнять важные задания по разработке систем массового участия. Если у вас есть какие то интересные предложения, обращайтесь! Студия Web-Boss всегда готова решить любую задачу. Таким образом реализация намеченных плановых заданий позволяет оценить значение новых предложений. Если у вас есть какие то интересные предложения, обращайтесь! Студия Web-Boss всегда готова решить любую задачу. Значимость этих проблем настолько очевидна, что консультация с широким активом играет важную роль в формировании новых предложений. С другой стороны постоянное информационно-пропагандистское обеспечение нашей деятельности обеспечивает широкому кругу (специалистов) участие в формировании позиций, занимаемых участниками в отношении поставленных задач.\nТоварищи! консультация с широким активом позволяет выполнять важные задания по разработке систем массового участия. Идейные соображения высшего порядка, а также рамки и место обучения кадров обеспечивает широкому кругу (специалистов) участие в формировании новых предложений. Равным образом рамки и место обучения кадров влечет за собой процесс внедрения и модернизации системы обучения кадров, соответствует насущным потребностям. . Равным образом консультация с широким активом требуют определения и уточнения модели развития. Значимость этих проблем настолько очевидна, что дальнейшее развитие различных форм деятельности обеспечивает широкому кругу (специалистов) участие в формировании новых предложений. Не следует, однако забывать, что дальнейшее развитие различных форм деятельности способствует подготовки и реализации форм развития. Идейные соображения высшего порядка, а также рамки и место обучения кадров обеспечивает широкому кругу (специалистов) участие в формировании новых предложений. Равным образом постоянный количественный рост и сфера нашей активности играет важную роль в формировании системы обучения кадров, соответствует насущным потребностям.	http://localhost:8085/images/news_img.png	12:03:10.856	TestNews	2	С другой стороны укрепление и развитие структуры обеспечивает участие в формировании систем массового участия. Значимость этих проблем настолько очевидна, что консультация с широким активом играет важную роль в формировании новых предложений. Повседневная практика показывает, что реализация намеченных плановых заданий в значительной степени обуславливает создание модели развития. Равным образом рамки и место обучения кадров влечет за собой процесс внедрения и модернизации системы обучения кадров, соответств...
13	2021-12-28	С другой стороны укрепление и развитие структуры обеспечивает участие в формировании систем массового участия. Значимость этих проблем настолько очевидна, что консультация с широким активом играет важную роль в формировании новых предложений. Повседневная практика показывает, что реализация намеченных плановых заданий в значительной степени обуславливает создание модели развития. Равным образом рамки и место обучения кадров влечет за собой процесс внедрения и модернизации системы обучения кадров, соответствует насущным потребностям. Товарищи! консультация с широким активом позволяет выполнять важные задания по разработке систем массового участия. С другой стороны постоянное информационно-пропагандистское обеспечение нашей деятельности обеспечивает широкому кругу (специалистов) участие в формировании позиций, занимаемых участниками в отношении поставленных задач.\nТаким образом новая модель организационной деятельности способствует подготовки и реализации систем массового участия. С другой стороны укрепление и развитие структуры обеспечивает участие в формировании систем массового участия. Если у вас есть какие то интересные предложения, обращайтесь! Студия Web-Boss всегда готова решить любую задачу. Товарищи! консультация с широким активом позволяет выполнять важные задания по разработке систем массового участия. Если у вас есть какие то интересные предложения, обращайтесь! Студия Web-Boss всегда готова решить любую задачу. Таким образом реализация намеченных плановых заданий позволяет оценить значение новых предложений. Если у вас есть какие то интересные предложения, обращайтесь! Студия Web-Boss всегда готова решить любую задачу. Значимость этих проблем настолько очевидна, что консультация с широким активом играет важную роль в формировании новых предложений. С другой стороны постоянное информационно-пропагандистское обеспечение нашей деятельности обеспечивает широкому кругу (специалистов) участие в формировании позиций, занимаемых участниками в отношении поставленных задач.\nТоварищи! консультация с широким активом позволяет выполнять важные задания по разработке систем массового участия. Идейные соображения высшего порядка, а также рамки и место обучения кадров обеспечивает широкому кругу (специалистов) участие в формировании новых предложений. Равным образом рамки и место обучения кадров влечет за собой процесс внедрения и модернизации системы обучения кадров, соответствует насущным потребностям. . Равным образом консультация с широким активом требуют определения и уточнения модели развития. Значимость этих проблем настолько очевидна, что дальнейшее развитие различных форм деятельности обеспечивает широкому кругу (специалистов) участие в формировании новых предложений. Не следует, однако забывать, что дальнейшее развитие различных форм деятельности способствует подготовки и реализации форм развития. Идейные соображения высшего порядка, а также рамки и место обучения кадров обеспечивает широкому кругу (специалистов) участие в формировании новых предложений. Равным образом постоянный количественный рост и сфера нашей активности играет важную роль в формировании системы обучения кадров, соответствует насущным потребностям.	http://localhost:8085/images/news_img.png	12:03:10.856	TestNews	2	С другой стороны укрепление и развитие структуры обеспечивает участие в формировании систем массового участия. Значимость этих проблем настолько очевидна, что консультация с широким активом играет важную роль в формировании новых предложений. Повседневная практика показывает, что реализация намеченных плановых заданий в значительной степени обуславливает создание модели развития. Равным образом рамки и место обучения кадров влечет за собой процесс внедрения и модернизации системы обучения кадров, соответств...
14	2021-12-28	С другой стороны укрепление и развитие структуры обеспечивает участие в формировании систем массового участия. Значимость этих проблем настолько очевидна, что консультация с широким активом играет важную роль в формировании новых предложений. Повседневная практика показывает, что реализация намеченных плановых заданий в значительной степени обуславливает создание модели развития. Равным образом рамки и место обучения кадров влечет за собой процесс внедрения и модернизации системы обучения кадров, соответствует насущным потребностям. Товарищи! консультация с широким активом позволяет выполнять важные задания по разработке систем массового участия. С другой стороны постоянное информационно-пропагандистское обеспечение нашей деятельности обеспечивает широкому кругу (специалистов) участие в формировании позиций, занимаемых участниками в отношении поставленных задач.\nТаким образом новая модель организационной деятельности способствует подготовки и реализации систем массового участия. С другой стороны укрепление и развитие структуры обеспечивает участие в формировании систем массового участия. Если у вас есть какие то интересные предложения, обращайтесь! Студия Web-Boss всегда готова решить любую задачу. Товарищи! консультация с широким активом позволяет выполнять важные задания по разработке систем массового участия. Если у вас есть какие то интересные предложения, обращайтесь! Студия Web-Boss всегда готова решить любую задачу. Таким образом реализация намеченных плановых заданий позволяет оценить значение новых предложений. Если у вас есть какие то интересные предложения, обращайтесь! Студия Web-Boss всегда готова решить любую задачу. Значимость этих проблем настолько очевидна, что консультация с широким активом играет важную роль в формировании новых предложений. С другой стороны постоянное информационно-пропагандистское обеспечение нашей деятельности обеспечивает широкому кругу (специалистов) участие в формировании позиций, занимаемых участниками в отношении поставленных задач.\nТоварищи! консультация с широким активом позволяет выполнять важные задания по разработке систем массового участия. Идейные соображения высшего порядка, а также рамки и место обучения кадров обеспечивает широкому кругу (специалистов) участие в формировании новых предложений. Равным образом рамки и место обучения кадров влечет за собой процесс внедрения и модернизации системы обучения кадров, соответствует насущным потребностям. . Равным образом консультация с широким активом требуют определения и уточнения модели развития. Значимость этих проблем настолько очевидна, что дальнейшее развитие различных форм деятельности обеспечивает широкому кругу (специалистов) участие в формировании новых предложений. Не следует, однако забывать, что дальнейшее развитие различных форм деятельности способствует подготовки и реализации форм развития. Идейные соображения высшего порядка, а также рамки и место обучения кадров обеспечивает широкому кругу (специалистов) участие в формировании новых предложений. Равным образом постоянный количественный рост и сфера нашей активности играет важную роль в формировании системы обучения кадров, соответствует насущным потребностям.	http://localhost:8085/images/news_img.png	12:03:10.856	TestNews	2	С другой стороны укрепление и развитие структуры обеспечивает участие в формировании систем массового участия. Значимость этих проблем настолько очевидна, что консультация с широким активом играет важную роль в формировании новых предложений. Повседневная практика показывает, что реализация намеченных плановых заданий в значительной степени обуславливает создание модели развития. Равным образом рамки и место обучения кадров влечет за собой процесс внедрения и модернизации системы обучения кадров, соответств...
15	2021-12-28	С другой стороны укрепление и развитие структуры обеспечивает участие в формировании систем массового участия. Значимость этих проблем настолько очевидна, что консультация с широким активом играет важную роль в формировании новых предложений. Повседневная практика показывает, что реализация намеченных плановых заданий в значительной степени обуславливает создание модели развития. Равным образом рамки и место обучения кадров влечет за собой процесс внедрения и модернизации системы обучения кадров, соответствует насущным потребностям. Товарищи! консультация с широким активом позволяет выполнять важные задания по разработке систем массового участия. С другой стороны постоянное информационно-пропагандистское обеспечение нашей деятельности обеспечивает широкому кругу (специалистов) участие в формировании позиций, занимаемых участниками в отношении поставленных задач.\nТаким образом новая модель организационной деятельности способствует подготовки и реализации систем массового участия. С другой стороны укрепление и развитие структуры обеспечивает участие в формировании систем массового участия. Если у вас есть какие то интересные предложения, обращайтесь! Студия Web-Boss всегда готова решить любую задачу. Товарищи! консультация с широким активом позволяет выполнять важные задания по разработке систем массового участия. Если у вас есть какие то интересные предложения, обращайтесь! Студия Web-Boss всегда готова решить любую задачу. Таким образом реализация намеченных плановых заданий позволяет оценить значение новых предложений. Если у вас есть какие то интересные предложения, обращайтесь! Студия Web-Boss всегда готова решить любую задачу. Значимость этих проблем настолько очевидна, что консультация с широким активом играет важную роль в формировании новых предложений. С другой стороны постоянное информационно-пропагандистское обеспечение нашей деятельности обеспечивает широкому кругу (специалистов) участие в формировании позиций, занимаемых участниками в отношении поставленных задач.\nТоварищи! консультация с широким активом позволяет выполнять важные задания по разработке систем массового участия. Идейные соображения высшего порядка, а также рамки и место обучения кадров обеспечивает широкому кругу (специалистов) участие в формировании новых предложений. Равным образом рамки и место обучения кадров влечет за собой процесс внедрения и модернизации системы обучения кадров, соответствует насущным потребностям. . Равным образом консультация с широким активом требуют определения и уточнения модели развития. Значимость этих проблем настолько очевидна, что дальнейшее развитие различных форм деятельности обеспечивает широкому кругу (специалистов) участие в формировании новых предложений. Не следует, однако забывать, что дальнейшее развитие различных форм деятельности способствует подготовки и реализации форм развития. Идейные соображения высшего порядка, а также рамки и место обучения кадров обеспечивает широкому кругу (специалистов) участие в формировании новых предложений. Равным образом постоянный количественный рост и сфера нашей активности играет важную роль в формировании системы обучения кадров, соответствует насущным потребностям.	http://localhost:8085/images/news_img.png	12:03:10.856	TestNews	2	С другой стороны укрепление и развитие структуры обеспечивает участие в формировании систем массового участия. Значимость этих проблем настолько очевидна, что консультация с широким активом играет важную роль в формировании новых предложений. Повседневная практика показывает, что реализация намеченных плановых заданий в значительной степени обуславливает создание модели развития. Равным образом рамки и место обучения кадров влечет за собой процесс внедрения и модернизации системы обучения кадров, соответств...
16	2021-12-28	Если у вас есть какие то интересные предложения, обращайтесь! Студия Web-Boss всегда готова решить любую задачу. Равным образом постоянный количественный рост и сфера нашей активности играет важную роль в формировании системы обучения кадров, соответствует насущным потребностям. С другой стороны рамки и место обучения кадров способствует подготовки и реализации модели развития. Разнообразный и богатый опыт консультация с широким активом обеспечивает широкому кругу. Товарищи! постоянное информационно-пропагандистское обеспечение нашей деятельности позволяет выполнять важные задания по разработке модели развития. Таким образом реализация намеченных плановых заданий позволяет оценить значение новых предложений. Товарищи! постоянное информационно-пропагандистское обеспечение нашей деятельности позволяет выполнять важные задания по разработке модели развития.\nРавным образом рамки и место обучения кадров влечет за собой процесс внедрения и модернизации системы обучения кадров, соответствует насущным потребностям. Равным образом консультация с широким активом требуют определения и уточнения модели развития. Таким образом реализация намеченных плановых заданий позволяет оценить значение новых предложений. Идейные соображения высшего порядка, а также дальнейшее развитие различных форм деятельности позволяет оценить значение новых предложений. Таким образом реализация намеченных плановых заданий позволяет оценить значение новых предложений. Товарищи! постоянное информационно-пропагандистское обеспечение нашей деятельности позволяет выполнять важные задания по разработке модели развития. Идейные соображения высшего порядка, а также рамки и место обучения кадров обеспечивает широкому кругу (специалистов) участие в формировании новых предложений. Не следует, однако забывать, что дальнейшее развитие различных форм деятельности способствует подготовки и реализации форм развития. Идейные соображения высшего порядка, а также дальнейшее развитие различных форм деятельности позволяет оценить значение новых предложений.\nТоварищи! консультация с широким активом позволяет выполнять важные задания по разработке систем массового участия. Таким образом новая модель организационной деятельности способствует подготовки и реализации систем массового участия. Идейные соображения высшего порядка, а также дальнейшее развитие различных форм деятельности позволяет оценить значение новых предложений. Равным образом рамки и место обучения кадров влечет за собой процесс внедрения и модернизации системы обучения кадров, соответствует насущным потребностям. Идейные соображения высшего порядка, а также начало повседневной работы по формированию позиции позволяет оценить значение модели развития. Товарищи! постоянное информационно-пропагандистское обеспечение нашей деятельности позволяет выполнять важные задания по разработке модели развития.	http://localhost:8085/images/news_img.png	12:03:10.856	TestNews	1	Если у вас есть какие то интересные предложения, обращайтесь! Студия Web-Boss всегда готова решить любую задачу. Равным образом постоянный количественный рост и сфера нашей активности играет важную роль в формировании системы обучения кадров, соответствует насущным потребностям. С другой стороны рамки и место обучения кадров способствует подготовки и реализации модели развития. Разнообразный и богатый опыт консультация с широким активом обеспечивает широкому кругу. Товарищи! постоянное информационно-пропага...
17	2021-12-28	Если у вас есть какие то интересные предложения, обращайтесь! Студия Web-Boss всегда готова решить любую задачу. Равным образом постоянный количественный рост и сфера нашей активности играет важную роль в формировании системы обучения кадров, соответствует насущным потребностям. С другой стороны рамки и место обучения кадров способствует подготовки и реализации модели развития. Разнообразный и богатый опыт консультация с широким активом обеспечивает широкому кругу. Товарищи! постоянное информационно-пропагандистское обеспечение нашей деятельности позволяет выполнять важные задания по разработке модели развития. Таким образом реализация намеченных плановых заданий позволяет оценить значение новых предложений. Товарищи! постоянное информационно-пропагандистское обеспечение нашей деятельности позволяет выполнять важные задания по разработке модели развития.\nРавным образом рамки и место обучения кадров влечет за собой процесс внедрения и модернизации системы обучения кадров, соответствует насущным потребностям. Равным образом консультация с широким активом требуют определения и уточнения модели развития. Таким образом реализация намеченных плановых заданий позволяет оценить значение новых предложений. Идейные соображения высшего порядка, а также дальнейшее развитие различных форм деятельности позволяет оценить значение новых предложений. Таким образом реализация намеченных плановых заданий позволяет оценить значение новых предложений. Товарищи! постоянное информационно-пропагандистское обеспечение нашей деятельности позволяет выполнять важные задания по разработке модели развития. Идейные соображения высшего порядка, а также рамки и место обучения кадров обеспечивает широкому кругу (специалистов) участие в формировании новых предложений. Не следует, однако забывать, что дальнейшее развитие различных форм деятельности способствует подготовки и реализации форм развития. Идейные соображения высшего порядка, а также дальнейшее развитие различных форм деятельности позволяет оценить значение новых предложений.\nТоварищи! консультация с широким активом позволяет выполнять важные задания по разработке систем массового участия. Таким образом новая модель организационной деятельности способствует подготовки и реализации систем массового участия. Идейные соображения высшего порядка, а также дальнейшее развитие различных форм деятельности позволяет оценить значение новых предложений. Равным образом рамки и место обучения кадров влечет за собой процесс внедрения и модернизации системы обучения кадров, соответствует насущным потребностям. Идейные соображения высшего порядка, а также начало повседневной работы по формированию позиции позволяет оценить значение модели развития. Товарищи! постоянное информационно-пропагандистское обеспечение нашей деятельности позволяет выполнять важные задания по разработке модели развития.	http://localhost:8085/images/news_img.png	12:03:10.856	TestNews	1	Если у вас есть какие то интересные предложения, обращайтесь! Студия Web-Boss всегда готова решить любую задачу. Равным образом постоянный количественный рост и сфера нашей активности играет важную роль в формировании системы обучения кадров, соответствует насущным потребностям. С другой стороны рамки и место обучения кадров способствует подготовки и реализации модели развития. Разнообразный и богатый опыт консультация с широким активом обеспечивает широкому кругу. Товарищи! постоянное информационно-пропага...
18	2021-12-28	Если у вас есть какие то интересные предложения, обращайтесь! Студия Web-Boss всегда готова решить любую задачу. Равным образом постоянный количественный рост и сфера нашей активности играет важную роль в формировании системы обучения кадров, соответствует насущным потребностям. С другой стороны рамки и место обучения кадров способствует подготовки и реализации модели развития. Разнообразный и богатый опыт консультация с широким активом обеспечивает широкому кругу. Товарищи! постоянное информационно-пропагандистское обеспечение нашей деятельности позволяет выполнять важные задания по разработке модели развития. Таким образом реализация намеченных плановых заданий позволяет оценить значение новых предложений. Товарищи! постоянное информационно-пропагандистское обеспечение нашей деятельности позволяет выполнять важные задания по разработке модели развития.\nРавным образом рамки и место обучения кадров влечет за собой процесс внедрения и модернизации системы обучения кадров, соответствует насущным потребностям. Равным образом консультация с широким активом требуют определения и уточнения модели развития. Таким образом реализация намеченных плановых заданий позволяет оценить значение новых предложений. Идейные соображения высшего порядка, а также дальнейшее развитие различных форм деятельности позволяет оценить значение новых предложений. Таким образом реализация намеченных плановых заданий позволяет оценить значение новых предложений. Товарищи! постоянное информационно-пропагандистское обеспечение нашей деятельности позволяет выполнять важные задания по разработке модели развития. Идейные соображения высшего порядка, а также рамки и место обучения кадров обеспечивает широкому кругу (специалистов) участие в формировании новых предложений. Не следует, однако забывать, что дальнейшее развитие различных форм деятельности способствует подготовки и реализации форм развития. Идейные соображения высшего порядка, а также дальнейшее развитие различных форм деятельности позволяет оценить значение новых предложений.\nТоварищи! консультация с широким активом позволяет выполнять важные задания по разработке систем массового участия. Таким образом новая модель организационной деятельности способствует подготовки и реализации систем массового участия. Идейные соображения высшего порядка, а также дальнейшее развитие различных форм деятельности позволяет оценить значение новых предложений. Равным образом рамки и место обучения кадров влечет за собой процесс внедрения и модернизации системы обучения кадров, соответствует насущным потребностям. Идейные соображения высшего порядка, а также начало повседневной работы по формированию позиции позволяет оценить значение модели развития. Товарищи! постоянное информационно-пропагандистское обеспечение нашей деятельности позволяет выполнять важные задания по разработке модели развития.	http://localhost:8085/images/news_img.png	12:03:10.856	TestNews	1	Если у вас есть какие то интересные предложения, обращайтесь! Студия Web-Boss всегда готова решить любую задачу. Равным образом постоянный количественный рост и сфера нашей активности играет важную роль в формировании системы обучения кадров, соответствует насущным потребностям. С другой стороны рамки и место обучения кадров способствует подготовки и реализации модели развития. Разнообразный и богатый опыт консультация с широким активом обеспечивает широкому кругу. Товарищи! постоянное информационно-пропага...
19	2021-12-28	Если у вас есть какие то интересные предложения, обращайтесь! Студия Web-Boss всегда готова решить любую задачу. Равным образом постоянный количественный рост и сфера нашей активности играет важную роль в формировании системы обучения кадров, соответствует насущным потребностям. С другой стороны рамки и место обучения кадров способствует подготовки и реализации модели развития. Разнообразный и богатый опыт консультация с широким активом обеспечивает широкому кругу. Товарищи! постоянное информационно-пропагандистское обеспечение нашей деятельности позволяет выполнять важные задания по разработке модели развития. Таким образом реализация намеченных плановых заданий позволяет оценить значение новых предложений. Товарищи! постоянное информационно-пропагандистское обеспечение нашей деятельности позволяет выполнять важные задания по разработке модели развития.\nРавным образом рамки и место обучения кадров влечет за собой процесс внедрения и модернизации системы обучения кадров, соответствует насущным потребностям. Равным образом консультация с широким активом требуют определения и уточнения модели развития. Таким образом реализация намеченных плановых заданий позволяет оценить значение новых предложений. Идейные соображения высшего порядка, а также дальнейшее развитие различных форм деятельности позволяет оценить значение новых предложений. Таким образом реализация намеченных плановых заданий позволяет оценить значение новых предложений. Товарищи! постоянное информационно-пропагандистское обеспечение нашей деятельности позволяет выполнять важные задания по разработке модели развития. Идейные соображения высшего порядка, а также рамки и место обучения кадров обеспечивает широкому кругу (специалистов) участие в формировании новых предложений. Не следует, однако забывать, что дальнейшее развитие различных форм деятельности способствует подготовки и реализации форм развития. Идейные соображения высшего порядка, а также дальнейшее развитие различных форм деятельности позволяет оценить значение новых предложений.\nТоварищи! консультация с широким активом позволяет выполнять важные задания по разработке систем массового участия. Таким образом новая модель организационной деятельности способствует подготовки и реализации систем массового участия. Идейные соображения высшего порядка, а также дальнейшее развитие различных форм деятельности позволяет оценить значение новых предложений. Равным образом рамки и место обучения кадров влечет за собой процесс внедрения и модернизации системы обучения кадров, соответствует насущным потребностям. Идейные соображения высшего порядка, а также начало повседневной работы по формированию позиции позволяет оценить значение модели развития. Товарищи! постоянное информационно-пропагандистское обеспечение нашей деятельности позволяет выполнять важные задания по разработке модели развития.	http://localhost:8085/images/news_img.png	12:03:10.856	TestNews	1	Если у вас есть какие то интересные предложения, обращайтесь! Студия Web-Boss всегда готова решить любую задачу. Равным образом постоянный количественный рост и сфера нашей активности играет важную роль в формировании системы обучения кадров, соответствует насущным потребностям. С другой стороны рамки и место обучения кадров способствует подготовки и реализации модели развития. Разнообразный и богатый опыт консультация с широким активом обеспечивает широкому кругу. Товарищи! постоянное информационно-пропага...
20	2021-12-28	Если у вас есть какие то интересные предложения, обращайтесь! Студия Web-Boss всегда готова решить любую задачу. Равным образом постоянный количественный рост и сфера нашей активности играет важную роль в формировании системы обучения кадров, соответствует насущным потребностям. С другой стороны рамки и место обучения кадров способствует подготовки и реализации модели развития. Разнообразный и богатый опыт консультация с широким активом обеспечивает широкому кругу. Товарищи! постоянное информационно-пропагандистское обеспечение нашей деятельности позволяет выполнять важные задания по разработке модели развития. Таким образом реализация намеченных плановых заданий позволяет оценить значение новых предложений. Товарищи! постоянное информационно-пропагандистское обеспечение нашей деятельности позволяет выполнять важные задания по разработке модели развития.\nРавным образом рамки и место обучения кадров влечет за собой процесс внедрения и модернизации системы обучения кадров, соответствует насущным потребностям. Равным образом консультация с широким активом требуют определения и уточнения модели развития. Таким образом реализация намеченных плановых заданий позволяет оценить значение новых предложений. Идейные соображения высшего порядка, а также дальнейшее развитие различных форм деятельности позволяет оценить значение новых предложений. Таким образом реализация намеченных плановых заданий позволяет оценить значение новых предложений. Товарищи! постоянное информационно-пропагандистское обеспечение нашей деятельности позволяет выполнять важные задания по разработке модели развития. Идейные соображения высшего порядка, а также рамки и место обучения кадров обеспечивает широкому кругу (специалистов) участие в формировании новых предложений. Не следует, однако забывать, что дальнейшее развитие различных форм деятельности способствует подготовки и реализации форм развития. Идейные соображения высшего порядка, а также дальнейшее развитие различных форм деятельности позволяет оценить значение новых предложений.\nТоварищи! консультация с широким активом позволяет выполнять важные задания по разработке систем массового участия. Таким образом новая модель организационной деятельности способствует подготовки и реализации систем массового участия. Идейные соображения высшего порядка, а также дальнейшее развитие различных форм деятельности позволяет оценить значение новых предложений. Равным образом рамки и место обучения кадров влечет за собой процесс внедрения и модернизации системы обучения кадров, соответствует насущным потребностям. Идейные соображения высшего порядка, а также начало повседневной работы по формированию позиции позволяет оценить значение модели развития. Товарищи! постоянное информационно-пропагандистское обеспечение нашей деятельности позволяет выполнять важные задания по разработке модели развития.	http://localhost:8085/images/news_img.png	12:03:10.856	TestNews	1	Если у вас есть какие то интересные предложения, обращайтесь! Студия Web-Boss всегда готова решить любую задачу. Равным образом постоянный количественный рост и сфера нашей активности играет важную роль в формировании системы обучения кадров, соответствует насущным потребностям. С другой стороны рамки и место обучения кадров способствует подготовки и реализации модели развития. Разнообразный и богатый опыт консультация с широким активом обеспечивает широкому кругу. Товарищи! постоянное информационно-пропага...
21	2021-12-28	Если у вас есть какие то интересные предложения, обращайтесь! Студия Web-Boss всегда готова решить любую задачу. Равным образом постоянный количественный рост и сфера нашей активности играет важную роль в формировании системы обучения кадров, соответствует насущным потребностям. С другой стороны рамки и место обучения кадров способствует подготовки и реализации модели развития. Разнообразный и богатый опыт консультация с широким активом обеспечивает широкому кругу. Товарищи! постоянное информационно-пропагандистское обеспечение нашей деятельности позволяет выполнять важные задания по разработке модели развития. Таким образом реализация намеченных плановых заданий позволяет оценить значение новых предложений. Товарищи! постоянное информационно-пропагандистское обеспечение нашей деятельности позволяет выполнять важные задания по разработке модели развития.\nРавным образом рамки и место обучения кадров влечет за собой процесс внедрения и модернизации системы обучения кадров, соответствует насущным потребностям. Равным образом консультация с широким активом требуют определения и уточнения модели развития. Таким образом реализация намеченных плановых заданий позволяет оценить значение новых предложений. Идейные соображения высшего порядка, а также дальнейшее развитие различных форм деятельности позволяет оценить значение новых предложений. Таким образом реализация намеченных плановых заданий позволяет оценить значение новых предложений. Товарищи! постоянное информационно-пропагандистское обеспечение нашей деятельности позволяет выполнять важные задания по разработке модели развития. Идейные соображения высшего порядка, а также рамки и место обучения кадров обеспечивает широкому кругу (специалистов) участие в формировании новых предложений. Не следует, однако забывать, что дальнейшее развитие различных форм деятельности способствует подготовки и реализации форм развития. Идейные соображения высшего порядка, а также дальнейшее развитие различных форм деятельности позволяет оценить значение новых предложений.\nТоварищи! консультация с широким активом позволяет выполнять важные задания по разработке систем массового участия. Таким образом новая модель организационной деятельности способствует подготовки и реализации систем массового участия. Идейные соображения высшего порядка, а также дальнейшее развитие различных форм деятельности позволяет оценить значение новых предложений. Равным образом рамки и место обучения кадров влечет за собой процесс внедрения и модернизации системы обучения кадров, соответствует насущным потребностям. Идейные соображения высшего порядка, а также начало повседневной работы по формированию позиции позволяет оценить значение модели развития. Товарищи! постоянное информационно-пропагандистское обеспечение нашей деятельности позволяет выполнять важные задания по разработке модели развития.	http://localhost:8085/images/news_img.png	12:03:10.856	TestNews	1	Если у вас есть какие то интересные предложения, обращайтесь! Студия Web-Boss всегда готова решить любую задачу. Равным образом постоянный количественный рост и сфера нашей активности играет важную роль в формировании системы обучения кадров, соответствует насущным потребностям. С другой стороны рамки и место обучения кадров способствует подготовки и реализации модели развития. Разнообразный и богатый опыт консультация с широким активом обеспечивает широкому кругу. Товарищи! постоянное информационно-пропага...
22	2021-12-28	Если у вас есть какие то интересные предложения, обращайтесь! Студия Web-Boss всегда готова решить любую задачу. Равным образом постоянный количественный рост и сфера нашей активности играет важную роль в формировании системы обучения кадров, соответствует насущным потребностям. С другой стороны рамки и место обучения кадров способствует подготовки и реализации модели развития. Разнообразный и богатый опыт консультация с широким активом обеспечивает широкому кругу. Товарищи! постоянное информационно-пропагандистское обеспечение нашей деятельности позволяет выполнять важные задания по разработке модели развития. Таким образом реализация намеченных плановых заданий позволяет оценить значение новых предложений. Товарищи! постоянное информационно-пропагандистское обеспечение нашей деятельности позволяет выполнять важные задания по разработке модели развития.\nРавным образом рамки и место обучения кадров влечет за собой процесс внедрения и модернизации системы обучения кадров, соответствует насущным потребностям. Равным образом консультация с широким активом требуют определения и уточнения модели развития. Таким образом реализация намеченных плановых заданий позволяет оценить значение новых предложений. Идейные соображения высшего порядка, а также дальнейшее развитие различных форм деятельности позволяет оценить значение новых предложений. Таким образом реализация намеченных плановых заданий позволяет оценить значение новых предложений. Товарищи! постоянное информационно-пропагандистское обеспечение нашей деятельности позволяет выполнять важные задания по разработке модели развития. Идейные соображения высшего порядка, а также рамки и место обучения кадров обеспечивает широкому кругу (специалистов) участие в формировании новых предложений. Не следует, однако забывать, что дальнейшее развитие различных форм деятельности способствует подготовки и реализации форм развития. Идейные соображения высшего порядка, а также дальнейшее развитие различных форм деятельности позволяет оценить значение новых предложений.\nТоварищи! консультация с широким активом позволяет выполнять важные задания по разработке систем массового участия. Таким образом новая модель организационной деятельности способствует подготовки и реализации систем массового участия. Идейные соображения высшего порядка, а также дальнейшее развитие различных форм деятельности позволяет оценить значение новых предложений. Равным образом рамки и место обучения кадров влечет за собой процесс внедрения и модернизации системы обучения кадров, соответствует насущным потребностям. Идейные соображения высшего порядка, а также начало повседневной работы по формированию позиции позволяет оценить значение модели развития. Товарищи! постоянное информационно-пропагандистское обеспечение нашей деятельности позволяет выполнять важные задания по разработке модели развития.	http://localhost:8085/images/news_img.png	12:03:10.856	TestNews	1	Если у вас есть какие то интересные предложения, обращайтесь! Студия Web-Boss всегда готова решить любую задачу. Равным образом постоянный количественный рост и сфера нашей активности играет важную роль в формировании системы обучения кадров, соответствует насущным потребностям. С другой стороны рамки и место обучения кадров способствует подготовки и реализации модели развития. Разнообразный и богатый опыт консультация с широким активом обеспечивает широкому кругу. Товарищи! постоянное информационно-пропага...
23	2021-12-28	Если у вас есть какие то интересные предложения, обращайтесь! Студия Web-Boss всегда готова решить любую задачу. Равным образом постоянный количественный рост и сфера нашей активности играет важную роль в формировании системы обучения кадров, соответствует насущным потребностям. С другой стороны рамки и место обучения кадров способствует подготовки и реализации модели развития. Разнообразный и богатый опыт консультация с широким активом обеспечивает широкому кругу. Товарищи! постоянное информационно-пропагандистское обеспечение нашей деятельности позволяет выполнять важные задания по разработке модели развития. Таким образом реализация намеченных плановых заданий позволяет оценить значение новых предложений. Товарищи! постоянное информационно-пропагандистское обеспечение нашей деятельности позволяет выполнять важные задания по разработке модели развития.\nРавным образом рамки и место обучения кадров влечет за собой процесс внедрения и модернизации системы обучения кадров, соответствует насущным потребностям. Равным образом консультация с широким активом требуют определения и уточнения модели развития. Таким образом реализация намеченных плановых заданий позволяет оценить значение новых предложений. Идейные соображения высшего порядка, а также дальнейшее развитие различных форм деятельности позволяет оценить значение новых предложений. Таким образом реализация намеченных плановых заданий позволяет оценить значение новых предложений. Товарищи! постоянное информационно-пропагандистское обеспечение нашей деятельности позволяет выполнять важные задания по разработке модели развития. Идейные соображения высшего порядка, а также рамки и место обучения кадров обеспечивает широкому кругу (специалистов) участие в формировании новых предложений. Не следует, однако забывать, что дальнейшее развитие различных форм деятельности способствует подготовки и реализации форм развития. Идейные соображения высшего порядка, а также дальнейшее развитие различных форм деятельности позволяет оценить значение новых предложений.\nТоварищи! консультация с широким активом позволяет выполнять важные задания по разработке систем массового участия. Таким образом новая модель организационной деятельности способствует подготовки и реализации систем массового участия. Идейные соображения высшего порядка, а также дальнейшее развитие различных форм деятельности позволяет оценить значение новых предложений. Равным образом рамки и место обучения кадров влечет за собой процесс внедрения и модернизации системы обучения кадров, соответствует насущным потребностям. Идейные соображения высшего порядка, а также начало повседневной работы по формированию позиции позволяет оценить значение модели развития. Товарищи! постоянное информационно-пропагандистское обеспечение нашей деятельности позволяет выполнять важные задания по разработке модели развития.	http://localhost:8085/images/news_img.png	12:03:10.856	TestNews	1	Если у вас есть какие то интересные предложения, обращайтесь! Студия Web-Boss всегда готова решить любую задачу. Равным образом постоянный количественный рост и сфера нашей активности играет важную роль в формировании системы обучения кадров, соответствует насущным потребностям. С другой стороны рамки и место обучения кадров способствует подготовки и реализации модели развития. Разнообразный и богатый опыт консультация с широким активом обеспечивает широкому кругу. Товарищи! постоянное информационно-пропага...
24	2021-12-28	Если у вас есть какие то интересные предложения, обращайтесь! Студия Web-Boss всегда готова решить любую задачу. Равным образом постоянный количественный рост и сфера нашей активности играет важную роль в формировании системы обучения кадров, соответствует насущным потребностям. С другой стороны рамки и место обучения кадров способствует подготовки и реализации модели развития. Разнообразный и богатый опыт консультация с широким активом обеспечивает широкому кругу. Товарищи! постоянное информационно-пропагандистское обеспечение нашей деятельности позволяет выполнять важные задания по разработке модели развития. Таким образом реализация намеченных плановых заданий позволяет оценить значение новых предложений. Товарищи! постоянное информационно-пропагандистское обеспечение нашей деятельности позволяет выполнять важные задания по разработке модели развития.\nРавным образом рамки и место обучения кадров влечет за собой процесс внедрения и модернизации системы обучения кадров, соответствует насущным потребностям. Равным образом консультация с широким активом требуют определения и уточнения модели развития. Таким образом реализация намеченных плановых заданий позволяет оценить значение новых предложений. Идейные соображения высшего порядка, а также дальнейшее развитие различных форм деятельности позволяет оценить значение новых предложений. Таким образом реализация намеченных плановых заданий позволяет оценить значение новых предложений. Товарищи! постоянное информационно-пропагандистское обеспечение нашей деятельности позволяет выполнять важные задания по разработке модели развития. Идейные соображения высшего порядка, а также рамки и место обучения кадров обеспечивает широкому кругу (специалистов) участие в формировании новых предложений. Не следует, однако забывать, что дальнейшее развитие различных форм деятельности способствует подготовки и реализации форм развития. Идейные соображения высшего порядка, а также дальнейшее развитие различных форм деятельности позволяет оценить значение новых предложений.\nТоварищи! консультация с широким активом позволяет выполнять важные задания по разработке систем массового участия. Таким образом новая модель организационной деятельности способствует подготовки и реализации систем массового участия. Идейные соображения высшего порядка, а также дальнейшее развитие различных форм деятельности позволяет оценить значение новых предложений. Равным образом рамки и место обучения кадров влечет за собой процесс внедрения и модернизации системы обучения кадров, соответствует насущным потребностям. Идейные соображения высшего порядка, а также начало повседневной работы по формированию позиции позволяет оценить значение модели развития. Товарищи! постоянное информационно-пропагандистское обеспечение нашей деятельности позволяет выполнять важные задания по разработке модели развития.	http://localhost:8085/images/news_img.png	12:03:10.856	TestNews	1	Если у вас есть какие то интересные предложения, обращайтесь! Студия Web-Boss всегда готова решить любую задачу. Равным образом постоянный количественный рост и сфера нашей активности играет важную роль в формировании системы обучения кадров, соответствует насущным потребностям. С другой стороны рамки и место обучения кадров способствует подготовки и реализации модели развития. Разнообразный и богатый опыт консультация с широким активом обеспечивает широкому кругу. Товарищи! постоянное информационно-пропага...
25	2021-12-28	Если у вас есть какие то интересные предложения, обращайтесь! Студия Web-Boss всегда готова решить любую задачу. Равным образом постоянный количественный рост и сфера нашей активности играет важную роль в формировании системы обучения кадров, соответствует насущным потребностям. С другой стороны рамки и место обучения кадров способствует подготовки и реализации модели развития. Разнообразный и богатый опыт консультация с широким активом обеспечивает широкому кругу. Товарищи! постоянное информационно-пропагандистское обеспечение нашей деятельности позволяет выполнять важные задания по разработке модели развития. Таким образом реализация намеченных плановых заданий позволяет оценить значение новых предложений. Товарищи! постоянное информационно-пропагандистское обеспечение нашей деятельности позволяет выполнять важные задания по разработке модели развития.\nРавным образом рамки и место обучения кадров влечет за собой процесс внедрения и модернизации системы обучения кадров, соответствует насущным потребностям. Равным образом консультация с широким активом требуют определения и уточнения модели развития. Таким образом реализация намеченных плановых заданий позволяет оценить значение новых предложений. Идейные соображения высшего порядка, а также дальнейшее развитие различных форм деятельности позволяет оценить значение новых предложений. Таким образом реализация намеченных плановых заданий позволяет оценить значение новых предложений. Товарищи! постоянное информационно-пропагандистское обеспечение нашей деятельности позволяет выполнять важные задания по разработке модели развития. Идейные соображения высшего порядка, а также рамки и место обучения кадров обеспечивает широкому кругу (специалистов) участие в формировании новых предложений. Не следует, однако забывать, что дальнейшее развитие различных форм деятельности способствует подготовки и реализации форм развития. Идейные соображения высшего порядка, а также дальнейшее развитие различных форм деятельности позволяет оценить значение новых предложений.\nТоварищи! консультация с широким активом позволяет выполнять важные задания по разработке систем массового участия. Таким образом новая модель организационной деятельности способствует подготовки и реализации систем массового участия. Идейные соображения высшего порядка, а также дальнейшее развитие различных форм деятельности позволяет оценить значение новых предложений. Равным образом рамки и место обучения кадров влечет за собой процесс внедрения и модернизации системы обучения кадров, соответствует насущным потребностям. Идейные соображения высшего порядка, а также начало повседневной работы по формированию позиции позволяет оценить значение модели развития. Товарищи! постоянное информационно-пропагандистское обеспечение нашей деятельности позволяет выполнять важные задания по разработке модели развития.	http://localhost:8085/images/news_img.png	12:03:10.856	TestNews	1	Если у вас есть какие то интересные предложения, обращайтесь! Студия Web-Boss всегда готова решить любую задачу. Равным образом постоянный количественный рост и сфера нашей активности играет важную роль в формировании системы обучения кадров, соответствует насущным потребностям. С другой стороны рамки и место обучения кадров способствует подготовки и реализации модели развития. Разнообразный и богатый опыт консультация с широким активом обеспечивает широкому кругу. Товарищи! постоянное информационно-пропага...
\.


--
-- Data for Name: t_news_category; Type: TABLE DATA; Schema: public; Owner: postgres
--

COPY public.t_news_category (id, name) FROM stdin;
1	TEST_CATEGORY
2	TEST_CATEGORY2
\.


--
-- Data for Name: t_procedure_category; Type: TABLE DATA; Schema: public; Owner: postgres
--

COPY public.t_procedure_category (id, name) FROM stdin;
1	Лаьораторные исследования
2	Косметические процедуры
\.


--
-- Data for Name: t_role; Type: TABLE DATA; Schema: public; Owner: postgres
--

COPY public.t_role (id, name) FROM stdin;
\.


--
-- Data for Name: t_service_category; Type: TABLE DATA; Schema: public; Owner: postgres
--

COPY public.t_service_category (id, name, procedure_category_id) FROM stdin;
1	цйукеапариамир е	1
2	цвукпамвапиакмавпа	1
3	уакеикпмвмаппкимс и	2
\.


--
-- Data for Name: t_service_price; Type: TABLE DATA; Schema: public; Owner: postgres
--

COPY public.t_service_price (id, cost_of_materials, for_citizens, name, price, tariff, service_category_id) FROM stdin;
1	12	t	уцкернгонотрапивс	32	3	1
2	13	t	иртпт исмч	123	354	2
3	14	t	 мвсчычсваив 	543	534654	3
4	15	f	 ммсвыи 	4132	56	1
5	16	f	вамсы ячсчывафяч 	231	23	2
\.


--
-- Data for Name: t_user; Type: TABLE DATA; Schema: public; Owner: postgres
--

COPY public.t_user (id, email, password, username, role_id) FROM stdin;
\.


--
-- Data for Name: t_website_category; Type: TABLE DATA; Schema: public; Owner: postgres
--

COPY public.t_website_category (id, name) FROM stdin;
1	Больницы города
2	Другие полезные ресурсы
\.


--
-- Data for Name: t_websites; Type: TABLE DATA; Schema: public; Owner: postgres
--

COPY public.t_websites (id, img_path, name, url, category_id) FROM stdin;
10	http://localhost:8085/svg/bsmp-logo.svg	БСМП	https://bsmpgrodno.by/	2
2	http://localhost:8085/svg/bsmp-logo.svg	БСМП	https://bsmpgrodno.by/	1
9	http://localhost:8085/svg/bsmp-logo.svg	БСМП	https://bsmpgrodno.by/	2
8	http://localhost:8085/svg/bsmp-logo.svg	БСМП	https://bsmpgrodno.by/	2
12	http://localhost:8085/svg/bsmp-logo.svg	БСМП	https://bsmpgrodno.by/	2
1	http://localhost:8085/svg/bsmp-logo.svg	БСМП	https://bsmpgrodno.by/	1
3	http://localhost:8085/svg/bsmp-logo.svg	БСМП	https://bsmpgrodno.by/	1
7	http://localhost:8085/svg/bsmp-logo.svg	БСМП	https://bsmpgrodno.by/	2
6	http://localhost:8085/svg/bsmp-logo.svg	БСМП	https://bsmpgrodno.by/	1
5	http://localhost:8085/svg/bsmp-logo.svg	БСМП	https://bsmpgrodno.by/	1
4	http://localhost:8085/svg/bsmp-logo.svg	БСМП	https://bsmpgrodno.by/	1
11	http://localhost:8085/svg/bsmp-logo.svg	БСМП	https://bsmpgrodno.by/	2
\.


--
-- Name: hibernate_sequence; Type: SEQUENCE SET; Schema: public; Owner: postgres
--

SELECT pg_catalog.setval('public.hibernate_sequence', 1, true);


--
-- Name: t_blood_rh t_blood_rh_pkey; Type: CONSTRAINT; Schema: public; Owner: postgres
--

ALTER TABLE ONLY public.t_blood_rh
    ADD CONSTRAINT t_blood_rh_pkey PRIMARY KEY (id);


--
-- Name: t_blood_satus t_blood_satus_pkey; Type: CONSTRAINT; Schema: public; Owner: postgres
--

ALTER TABLE ONLY public.t_blood_satus
    ADD CONSTRAINT t_blood_satus_pkey PRIMARY KEY (id);


--
-- Name: t_news_category t_news_category_pkey; Type: CONSTRAINT; Schema: public; Owner: postgres
--

ALTER TABLE ONLY public.t_news_category
    ADD CONSTRAINT t_news_category_pkey PRIMARY KEY (id);


--
-- Name: t_news t_news_pkey; Type: CONSTRAINT; Schema: public; Owner: postgres
--

ALTER TABLE ONLY public.t_news
    ADD CONSTRAINT t_news_pkey PRIMARY KEY (id);


--
-- Name: t_procedure_category t_procedure_category_pkey; Type: CONSTRAINT; Schema: public; Owner: postgres
--

ALTER TABLE ONLY public.t_procedure_category
    ADD CONSTRAINT t_procedure_category_pkey PRIMARY KEY (id);


--
-- Name: t_role t_role_pkey; Type: CONSTRAINT; Schema: public; Owner: postgres
--

ALTER TABLE ONLY public.t_role
    ADD CONSTRAINT t_role_pkey PRIMARY KEY (id);


--
-- Name: t_service_category t_service_category_pkey; Type: CONSTRAINT; Schema: public; Owner: postgres
--

ALTER TABLE ONLY public.t_service_category
    ADD CONSTRAINT t_service_category_pkey PRIMARY KEY (id);


--
-- Name: t_service_price t_service_price_pkey; Type: CONSTRAINT; Schema: public; Owner: postgres
--

ALTER TABLE ONLY public.t_service_price
    ADD CONSTRAINT t_service_price_pkey PRIMARY KEY (id);


--
-- Name: t_user t_user_pkey; Type: CONSTRAINT; Schema: public; Owner: postgres
--

ALTER TABLE ONLY public.t_user
    ADD CONSTRAINT t_user_pkey PRIMARY KEY (id);


--
-- Name: t_website_category t_website_category_pkey; Type: CONSTRAINT; Schema: public; Owner: postgres
--

ALTER TABLE ONLY public.t_website_category
    ADD CONSTRAINT t_website_category_pkey PRIMARY KEY (id);


--
-- Name: t_websites t_websites_pkey; Type: CONSTRAINT; Schema: public; Owner: postgres
--

ALTER TABLE ONLY public.t_websites
    ADD CONSTRAINT t_websites_pkey PRIMARY KEY (id);


--
-- Name: t_user fk76cs7cu4h4y8vc1vd4qyw36rt; Type: FK CONSTRAINT; Schema: public; Owner: postgres
--

ALTER TABLE ONLY public.t_user
    ADD CONSTRAINT fk76cs7cu4h4y8vc1vd4qyw36rt FOREIGN KEY (role_id) REFERENCES public.t_role(id);


--
-- Name: t_blood_satus fka5eua5p2ouhxd1a6nhoqhkawn; Type: FK CONSTRAINT; Schema: public; Owner: postgres
--

ALTER TABLE ONLY public.t_blood_satus
    ADD CONSTRAINT fka5eua5p2ouhxd1a6nhoqhkawn FOREIGN KEY (blood_rh_id) REFERENCES public.t_blood_rh(id);


--
-- Name: t_news fkauncj7peqn34yo9nrep5xme3t; Type: FK CONSTRAINT; Schema: public; Owner: postgres
--

ALTER TABLE ONLY public.t_news
    ADD CONSTRAINT fkauncj7peqn34yo9nrep5xme3t FOREIGN KEY (news_category_id) REFERENCES public.t_news_category(id);


--
-- Name: t_service_category fkh323025727bykypegmt5k32k7; Type: FK CONSTRAINT; Schema: public; Owner: postgres
--

ALTER TABLE ONLY public.t_service_category
    ADD CONSTRAINT fkh323025727bykypegmt5k32k7 FOREIGN KEY (procedure_category_id) REFERENCES public.t_procedure_category(id);


--
-- Name: t_service_price fki6qt7t3g2vpxwi6fqym5ry49k; Type: FK CONSTRAINT; Schema: public; Owner: postgres
--

ALTER TABLE ONLY public.t_service_price
    ADD CONSTRAINT fki6qt7t3g2vpxwi6fqym5ry49k FOREIGN KEY (service_category_id) REFERENCES public.t_service_category(id);


--
-- Name: t_websites fkot2yux6iby8lwpog8366y8h9a; Type: FK CONSTRAINT; Schema: public; Owner: postgres
--

ALTER TABLE ONLY public.t_websites
    ADD CONSTRAINT fkot2yux6iby8lwpog8366y8h9a FOREIGN KEY (category_id) REFERENCES public.t_website_category(id);


--
-- PostgreSQL database dump complete
--

